slug,title,source_id,author,duration_seconds,playbackUrl,posterUrl,heroPreviewUrl,notes
southern-style-terry-bailey,Southern Style – Terry Bailey,1909686,Terry Bailey,124,,,,
terry-bailey-iwake,Terry Bailey iwake,1909688,Terry Bailey,182,,,,
los-maleantes,Los Maleantes,1909689,Terry Bailey,236,,,,
terry-bailey-in-mexico,Terry Bailey in Mexico,1909690,Terry Bailey,57,,,,
nice-and-clean,Nice and Clean,1909693,Terry Bailey,879,,,,
nature-of-offence,Nature of Offence,1926095,Terry Bailey,671,,,,
discarded-matter,Discarded Matter,1926096,Terry Bailey,856,,,,
tape,Tape,1926101,Terry Bailey,1463,,,,
p2,P2,1926105,Terry Bailey,1927,,,,
learn-a-backside-180-with-brandon-judd,Learn a Backside 180 with Brandon Judd,1971690,Brandon Judd,918,,,,
mounting-your-boots-with-brandon-judd,Mounting Your Boots with Brandon Judd,1971702,Brandon Judd,310,,,,
coach-the-coach-with-brandon-judd,Coach the Coach with Brandon Judd,1971755,Brandon Judd,766,,,,
buying-the-right-wakeboard-with-brandon-judd,Buying the Right Wakeboard with Brandon Judd,1974164,Brandon Judd,396,,,,
in-n-out,In-N-Out,1989028,Cole Vanthof,136,,,,
a-la-cruzin,A-La-Cruzin,1996075,Cole Vanthof,282,,,,
a-la-cruzin-uncut,A-La-Cruzin (Uncut),1996076,Cole Vanthof,649,,,,
untamed-blake-bishop,Untamed - Blake Bishop,1996077,Cole Vanthof,253,,,,
untamed-uncut-blake-bishop,Untamed Uncut - Blake Bishop,1996078,Cole Vanthof,623,,,,
exit-69,EXIT 69,2023274,Cole Vanthof,2426,,,,
wakeboard-games-are-so-fun-heads-or-tails-ep-1,WAKEBOARD GAMES ARE SO FUN - Heads or Tails Ep 1,2037758,Brayden George,584,,,,
insane-wakeboard-crashes-heads-or-tails-ep5,INSANE WAKEBOARD CRASHES - Heads or Tails Ep5,2037759,Brayden George,659,,,,
the-best-wakepark-in-the-world-heads-or-tails-ep3,The Best Wakepark In The World - Heads or Tails Ep3,2037760,Brayden George,647,,,,
scary-wakeboarding-tricks-heads-or-tails-ep2,SCARY WAKEBOARDING TRICKS - Heads or Tails Ep2,2037762,Brayden George,889,,,,
chaotic-wakeboarding-competition-w-graeme-burress,CHAOTIC WAKEBOARDING COMPETITION W GRAEME BURRESS,2037763,Brayden George,1265,,,,
how-to-progress-fast-wakeboarding,HOW TO PROGRESS FAST - WAKEBOARDING,2037765,Brayden George,1489,,,,
flying-high-fluid,Flying High & Fluid,2037777,Mark Wodlinger,2910,,,,
full-circle,Full Circle,2051036,frankie panno,1002,,,,
south-bound-and-down,South Bound And Down,2051089,frankie panno,396,,,,
backstage-pass,Backstage Pass,2051124,frankie panno,340,,,,
sunrise-to-sunset-kneeboardingwakesurfingwakeskating,"Sunrise To Sunset ： Kneeboarding,Wakesurfing,Wakeskating",2051322,frankie panno,364,,,,
calvin-miller,Calvin Miller,2071929,Space Mob,70,,,,
coalition-vol-1,Coalition Vol. 1,2071930,Space Mob,151,,,,
coalition-vol-8-crash-reel,Coalition Vol. 8 Crash Reel,2071932,Space Mob,146,,,,
coalition-vol-5,Coalition Vol. 5,2071933,Space Mob,223,,,,
coalition-vol-2,Coalition Vol. 2,2071934,Space Mob,239,,,,
coalition-vol-4,Coalition Vol. 4,2071937,Space Mob,306,,,,
coalition-vol-6,Coalition Vol. 6,2071938,Space Mob,171,,,,
birthday-buskesses-coalition-premier-weekend,Birthday Buskesses - Coalition Premier Weekend,2071941,Space Mob,192,,,,
bricks,Bricks,2071943,Space Mob,208,,,,
coalition-vol-8,Coalition Vol. 8,2071946,Space Mob,299,,,,
coalition-vol-7,Coalition Vol. 7,2071949,Space Mob,233,,,,
coalition-vol-3-dosaydabai-edition,Coalition Vol. 3  Dosaydabai Edition,2071951,Space Mob,227,,,,
buttery-biscuits,Buttery Biscuits,2071954,Space Mob,282,,,,
coalition-vol-9,Coalition Vol. 9,2071958,Space Mob,450,,,,
scotty-b,Scotty B,2071959,Space Mob,46,,,,
space-mob-cam-and-carson,Space Mob  Cam and Carson,2071960,Space Mob,60,,,,
space-mob-night-sesh-vwc,Space Mob Night Sesh VWC,2071961,Space Mob,74,,,,
frick-and-frack-cwc-nights,Frick and Frack  CWC Nights,2071963,Space Mob,140,,,,
space-mob-mima-wes-pancho-tobi,"Space Mob  Mima - Wes, Pancho, Tobi",2071968,Space Mob,102,,,,
space-mob-thulba-wes-pancho-tobi,Space Mob  Thulba - Wes Pancho & Tobi,2071972,Space Mob,203,,,,
space-mob-a-morlang-minute,Space Mob  A Morlang Minute,2071973,Space Mob,130,,,,
space-mob-wmj,Space Mob  WMJ,2071974,Space Mob,146,,,,
space-mob-wake-paradise-wes-tobi-pancho,"Space Mob  Wake Paradise - Wes, Tobi, Pancho",2071975,Space Mob,146,,,,
tim-space-mob,Tim Space Mob,2071977,Space Mob,165,,,,
space-mob-iwakepark-lacanau-matt-montoro-tobi-pancho-wes,"Space Mob  Iwakepark Lacanau - Matt Montoro, Tobi, Pancho, Wes",2071981,Space Mob,171,,,,
wmj-winter-laps,WMJ Winter Laps,2071991,Space Mob,170,,,,
girl-mob,Girl Mob,2071993,Space Mob,183,,,,
space-mob-safety-meeting,Space Mob  Safety Meeting,2071994,Space Mob,184,,,,
space-mob-barcelona,Space Mob  Barcelona,2071995,Space Mob,196,,,,
space-mob-the-bricks-tobi-pancho-wes-and-liam,"Space Mob  The Bricks - Tobi, Pancho, Wes, and Liam",2071996,Space Mob,205,,,,
spacemob-wesley-crosse-bearden,Spacemob  Wesley Crosse Bearden,2071998,Space Mob,212,,,,
space-mob-dirtbag-daryl,Space Mob  Dirtbag Daryl,2072000,Space Mob,221,,,,
space-mob-la-source-wes-pancho-tobi-cam-jules-charraud,"Space Mob  La Source - Wes, Pancho, Tobi, Cam & Jules Charraud",2072005,Space Mob,273,,,,
space-mob-big-bird-the-troll,Space Mob  Big Bird & The Troll,2072010,Space Mob,301,,,,
rahinge,Rahinge,2072013,Space Mob,467,,,,
dosaydabai-wes-oli-and-quinn,DoSayDaBai Wes Oli and Quinn,2072017,Space Mob,438,,,,
international-dary-znebel-day,International Dary Znebel Day,2072021,Space Mob,811,,,,
the-coalition-the-movie,The Coalition The Movie,2072559,Space Mob,2180,,,,
pretzelsbagels,Pretzels&Bagels,2072565,Space Mob,296,,,,
the-coalition-the-movie-the-sequel,The Coalition The Movie The Sequel,2072572,Space Mob,2858,,,,
the-coalition-the-movie-the-trilogy,The Coalition the Movie – The Trilogy,2072580,Space Mob,3024,,,,
space-mob-euro-trip,Space Mob Euro Trip,2072586,Space Mob,2512,,,,
project-watson,Project Watson,2095138,Cadmium Films,1813,,,,
running-with-scissors,Running with Scissors,2095139,Cadmium Films,1384,,,,
boombox,Boombox,2095140,Cadmium Films,1727,,,,
metronome,Metronome,2095141,Cadmium Films,2305,,,,
blacklist,Blacklist,2095632,Cadmium Films,1733,,,,
asterisk,Asterisk,2095634,Cadmium Films,1651,,,,
encore,Encore,2096043,Cadmium Films,1360,,,,
the-truth,The Truth,2096044,Cadmium Films,2697,,,,
asterisk-2,Asterisk 2,2096045,Cadmium Films,1316,,,,
push-process,Push Process,2096046,Cadmium Films,2609,,,,
relentless,Relentless,2096068,Cadmium Films,2953,,,,
road-to-langenfeld-john-dreilings-story,Road to Langenfeld ｜ John Dreiling's Story,2105450,John Dreiling,458,,,,
roty-tripping-john-dreiling-and-friends,ROTY TRIPPING ｜ John Dreiling and Friends,2105451,John Dreiling,687,,,,
john-dreilings-mini-wake-invitational-2022,John Dreiling's Mini Wake Invitational 2022,2105454,John Dreiling,349,,,,
john-dreiling-top-10-tricks,John Dreiling   Top 10 Tricks,2115091,John Dreiling,55,,,,
crash-reel-2019-john-dreiling,Crash Reel 2019   John Dreiling,2115092,John Dreiling,57,,,,
john-dreiling-mini-wake-sessions,John Dreiling   Mini Wake Sessions,2115093,John Dreiling,339,,,,
john-dreiling-shreds-owc,John Dreiling Shreds OWC!!,2115098,John Dreiling,613,,,,
mundays-adventures,Mundays Adventures,2116050,Colby Munday,224,,,,
wakeboarding-in-the-florida-springs-john-dreiling-x-fresh-bros,Wakeboarding In The Florida Springs   John Dreiling X Fresh Bros,2116072,John Dreiling,251,,,,
wakeboarding-on-a-skateboard-dock-ramp-backflip,Wakeboarding On A Skateboard   Dock Ramp Backflip!,2116073,John Dreiling,594,,,,
defy-the-danny-harf-project,"Defy, The Danny Harf Project",2138340,BFY Action Films,3108,,,,
prime,Prime,2142648,BFY Action Films,3724,,,,
bec-gange-for-the-moxie-pro,Bec Gange for the Moxie Pro,2192213,Bec Gange,90,,,,
cody-hesse-hype-edit,Cody Hesse Hype Edit,2192231,Cody Hesse,116,,,,
wakecarro-big-wakes-wakeboarding-with-the-af-wake-crew,Wakecarro   Big Wakes Wakeboarding With The Af Wake Crew!,2193476,Carro Minor,757,,,,
the-wake-of-fort-myers,The Wake Of Fort Myers,2196284,Kirby Liesman,177,,,,
stranger-wakeboard-things,Stranger Wakeboard Things,2197961,Kirby Liesman,225,,,,
wake-by-faith,Wake By Faith,2197962,Kirby Liesman,302,,,,
decline-of-the-waterski-monoply,Decline Of The Waterski Monoply,2206378,Thomas Horrell,1790,,,,
slade,Slade,2208529,,42,,,,
gabes-edit,Gabes Edit,2208544,,45,,,,
steve-o-edit,Steve O Edit,2208554,,48,,,,
kahla-and-paolo,Kahla And Paolo,2208567,Mason Culp,73,,,,
follow-wake,Follow Wake,2208582,,76,,,,
free-bird,Free Bird,2208597,Mason Culp,87,,,,
wakerats,Wakerats,2208615,Mason Culp,98,,,,
bear-bash,Bear Bash,2208639,Mason Culp,117,,,,
animation,Animation,2208869,,4,,,,
shota-tezuka,Shota Tezuka,2220742,Shota Tezuka,95,,,,
follow-wake-65041,Follow Wake 65041,2220764,Mason Culp,76,,,,
angelika-schriber-video,Angelika Schriber Video,2220774,Angelica Schriber,223,,,,
annie-mike-day-in-the-life,Annie Mike Day In The Life,2220803,Annie Best,728,,,,
elevated-state-of-mind,Elevated State Of Mind,2222305,Zuupac,172,,,,
zuupack-x-spacetapes,Zuupack X Spacetapes,2222306,Zuupac,182,,,,
max-ig-teaser,Max Ig Teaser,2222328,,48,,,,
max-standing-sideways-ig,Max Standing Sideways Ig,2222329,,62,,,,
standing-sideways,Standing Sideways,2222346,Max Van Helvoort,277,,,,
hayden-1-teaser-st-augustine-wakeboard-trip-teaser,Hayden 1 teaser St. Augustine Wakeboard Trip Teaser,2222348,,13,,,,
hayden-wakeboard-trip-to-st-augustine-florida,Hayden Wakeboard Trip To St. Augustine Florida,2222350,Hayden Bradley,60,,,,
baseline-raph-trinidad-cwc-wakeboarding,Baseline   Raph Trinidad   Cwc   Wakeboarding,2222351,Raph Trinidad,136,,,,
stream-flyhigh-contest-brody-nikki,Stream FlyHigh Contest Brody & Nikki,2222357,Nikki Sutterer,221,,,,
chance-croyle-and-trevor-fearson,Chance Croyle and Trevor Fearson,2223744,Chance Croyle,99,,,,
giulia-reel,Giulia Reel,2223746,,20,,,,
off-season-flyhigh-trailer-bknap,Off Season Flyhigh Trailer Bknap,2223747,,24,,,,
flyhigh-submission-video-contest-griffin-smith,Flyhigh Submission Video Contest- Griffin Smith,2223748,Chance Croyle,109,,,,
off-season-by-brandon-knap,Off-Season by Brandon Knap,2223751,Branden Knap,142,,,,
watersports-thorugh-florida-teaser,Watersports Thorugh Florida Teaser,2223752,,56,,,,
hayden-bradley-watersports-through-florida,Hayden Bradley – Watersports Through Florida,2223755,Hayden Bradley,244,,,,
stream-fly-high-preston-persichettis-video-section,Stream Fly High-Preston Persichetti's Video Section,2226999,Preston Persichetti,124,,,,
waketowake-submission,Waketowake Submission,2227000,,15,,,,
matty-muncey-winch-part-all-in,Matty Muncey Winch Part All In,2227212,Matty Muncy,312,,,,
skurfs-up,Skurf's Up,2228899,Jerry Dugan,1818,,,,
spray,Spray,2228900,Jerry Dugan,1991,,,,
trailor-for-instagram,Trailor For Instagram,2228954,,94,,,,
monkey-on-a-string,Monkey On A String,2229022,Jerry Dugan,1602,,,,
my-house,My House,2229037,Jerry Dugan,1801,,,,
mayday,Mayday,2229068,Jerry Dugan,2202,,,,
flyhigh-tv-instagram-trailer,Flyhigh Tv   Instagram Trailer,2229429,,31,,,,
rusty-osm-heli-dup,Rusty Osm Heli Dup++,2229691,,17,,,,
space-cadets,Space Cadets,2235517,,240,,,,
do-you-remember-how-we-met,Do You Remember How We Met?,2287080,,830,,,,
is-meagan-ethell-really-here-with-us,Is Meagan Ethell Really Here With Us?,2287082,,836,,,,
sewer-cats,Sewer Cats,2690335,Sina Fuchs,663,,,,
sewer-cats-the-sequel,Sewer Cats - The Sequel,2691689,Sina Fuchs,709,,,,
whats-a-copycat,What's A Copycat,2691710,Sina Fuchs,368,,,,
novy-copycatsclub-womens-wake-movie,Novy - Copycatsclub - Women’s Wake Movie,2696301,Sina Fuchs,643,,,,
pontoon,Pontoon,2722566,Derek Pontoon,227,,,,
banner-dimensions-flyhigh-hype-reel-no-overlay-10,Banner Dimensions Flyhigh Hype Reel No Overlay  1.0,2751187,,16,,,,
flyhightv-streaming-for-wakesports,FlyhighTV - Streaming for Wakesports,2755887,,22,,,,
free-agent-riley-dillon,Free Agent - Riley Dillon,2798281,Riley Dillon,534,,,,
world-ocean-day-2021-wakestyle-kite-vibes-by-sanchez,World Ocean Day 2021. Wakestyle Kite Vibes By Sanchez,2808622,,45,,,,
las-terrenas-views-foiling,Las Terrenas Views & Foiling,2808624,,57,,,,
cwc-waketrip-to-phillipines-2018,Cwc Waketrip To Phillipines 2018,2808626,,55,,,,
dream-wakekite-destinations-brazil,Dream Wake&Kite Destinations Brazil,2808629,,60,,,,
outhouse-the-deuce,Outhouse The Deuce,2876518,Derek Brown,2089,,,,
outhouse-the-turd,Outhouse The Turd,2876952,Derek Brown,2645,,,,
outhouse-end-of-the-roll,Outhouse End Of The Roll,2877321,Derek Brown,3119,,,,
outhouse,Outhouse,2877737,,2177,,,,
not-just-clockwise-the-movie,Not Just Clockwise – The Movie,2927420,Robert Absher,3249,,,,
bec-gange-muted,Bec Gange Muted,2954751,,90,,,,
john-dreiling-road-to-langenfeld-muted,John Dreiling Road To Langenfeld - Muted,2955895,,458,,,,
mundays-adventures-muted,Mundays Adventures Muted,2955896,,224,,,,
matty-muncey-muted,Matty Muncey Muted,2955898,,312,,,,
space-cadets-no-audio,Space Cadets No Audio,2955912,,240,,,,
ala-cruizin-muted,Ala Cruizin Muted,2955913,,282,,,,
sewer-cats-2-muted,Sewer Cats 2 - Muted,2955915,,709,,,,
free-agent-muted,Free Agent Muted,2955917,,534,,,,
sewer-cats-muted,Sewer Cats Muted,2955921,,663,,,,
watersports-through-florida-muted,Watersports Through Florida Muted,2955923,,244,,,,
off-season-by-brandon-knap-2,Off Season By Brandon Knap,2955928,,142,,,,
griffin-smith-muted,Griffin Smith Muted,2955929,,109,,,,
elevated-state-of-mind-muted,Elevated State Of Mind Muted,2962883,,172,,,,
zuupac-space-tapes-muted,Zuupac Space Tapes Muted,2962886,,182,,,,
griffin-smith-muted-48394,Griffin Smith Muted 48394,2962887,,109,,,,
cody-hesse-muted,Cody Hesse Muted,2962895,,116,,,,
off-season-by-brandon-knap-74018,Off Season By Brandon Knap 74018,2962898,,142,,,,
wake-at-fort-meyers-muted,Wake At Fort Meyers Muted,2962900,,177,,,,
stranger-wakeboard-things-muted,Stranger Wakeboard Things Muted,2962902,,225,,,,
munday-adventures-muted,Munday Adventures Muted,2962904,,224,,,,
watersports-through-florida-muted-70845,Watersports Through Florida Muted 70845,2962908,,244,,,,
wake-by-faith-muted,Wake By Faith Muted,2962916,,302,,,,
prime-no-audio,Prime No Audio,2967874,,3724,,,,
defy-muted,Defy Muted,2967885,,3108,,,,
project-watson-muted,Project Watson Muted,2967889,,1813,,,,
john-dreiling-crash-reel-muted,John Dreiling Crash Reel Muted,2967892,,57,,,,
asterisk-muted,Asterisk Muted,2967900,,1651,,,,
asterisk-2-muted,Asterisk 2 Muted,2967901,,1316,,,,
backstage-pass-muted,Backstage Pass Muted,2967905,,340,,,,
mini-wake-muted,Mini Wake Muted,2967906,,349,,,,
sunrise-to-sunset-muted,Sunrise To Sunset Muted,2967907,,364,,,,
buttery-biscuits-muted,Buttery Biscuits Muted,2967909,,282,,,,
encore-muted,Encore Muted,2967911,,1360,,,,
running-with-scissors-muted,Running With Scissors Muted,2967912,,1384,,,,
roty-tripping-muted,Roty Tripping Muted,2967913,,687,,,,
boombox-muted,Boombox Muted,2967915,,1727,,,,
metronome-muted,Metronome Muted,2967917,,2305,,,,
the-truth-muted,The Truth Muted,2967922,,2697,,,,
relentless-muted,Relentless Muted,2967924,,2953,,,,
push-process-muted,Push Process Muted,2967928,,2609,,,,
af-wake-x-wakecarro-muted,Af Wake X Wakecarro Muted,2967941,,757,,,,
south-bound-and-down-muted,South Bound And Down Muted,2967943,,396,,,,
full-circle-muted,Full Circle Muted,2967946,,1002,,,,
flying-fast-and-fluid-muted,Flying Fast And Fluid Muted,2967952,,2910,,,,
wakeboard-games-are-so-fun-heads-or-tails-ep-1-muted,Wakeboard Games Are So Fun - Heads Or Tails Ep 1 Muted,2967955,,584,,,,
the-best-wakepark-in-the-world-heads-or-tails-ep3-muted,The Best Wakepark In The World - Heads Or Tails Ep3. Muted,2967957,,647,,,,
chaotic-wakeboarding-competition-w-graeme-burress-muted,Chaotic Wakeboarding Competition W Graeme Burress Muted,2967959,,1265,,,,
how-to-progress-fast-muted,How To Progress Fast muted,2967966,,1489,,,,
terry-bailey-mexico-75669,Terry Bailey Mexico 75669,2968015,,57,,,,
southern-style-muted,Southern Style Muted,2968017,,124,,,,
in-n-out-muted,In-N-Out Muted,2968018,,136,,,,
disguarded-matter-muted,Disguarded Matter Muted,2968020,,856,,,,
nice-and-clean-muted,Nice And Clean Muted,2968026,,879,,,,
flyhigh-ad-silent,Flyhigh Ad Silent,2968311,,22,,,,
drive-bfy-action-films-2008-original,Drive____bfy_action_films____2008 (Original),2968734,,2765,,,,
bent-felix-2006-bfy-action-films-llc-original,"Bent_felix_-_2006_bfy_action_films,_llc (Original)",2968763,,2420,,,,
running-on-empty-2004-bfy-action-films-llc-original,"Running_on_empty_-_2004_bfy_action_films,_llc (Original)",2971352,,1980,,,,
the-butter-effect,The Butter Effect,2975159,,3013,,,,
running-on-empty-muted,Running On Empty Muted,2996131,,1980,,,,
drive-muted,Drive Muted,2996133,,2765,,,,
the-butter-effect-muted,The Butter Effect Muted,2996145,,3013,,,,
bent-felix-muted,Bent Felix Muted,2996168,,2420,,,,
womens-wake-league,Women's Wake League,3013384,Kitt Smith,1120,,,,
welcome-to-the-zuu,Welcome To The Zuu,3049519,Zuupac,138,,,,
jungle-beats-zuupack,Jungle Beats – Zuupack,3049520,Zuupac,170,,,,
zuupacks-private-laps-at-revolution-cable-park,Zuupack's Private Laps At Revolution Cable Park,3049525,Zuupac,122,,,,
primal-instinct-a-competitive-nature,Primal Instinct: A Competitive Nature,3049529,Zuupac,149,,,,
manifest-destiny,Manifest Destiny,3049534,Zuupac,152,,,,
from-west-rock-with-love-by-zuupack,From West Rock With Love by Zuupack,3049541,Zuupac,398,,,,
su-meile-aciu-lithuania,Su Meile; Ačiū Lithuania,3049544,Zuupac,992,,,,
zuupack-call-of-the-wild,Zuupack – Call Of The Wild,3049549,Zuupac,1358,,,,
come-unity,Come Unity,3049609,3.14,2133,,,,
liquid-force-tour-ride-with-the-pros-in-france,Liquid Force Tour - Ride With The Pros In France,3049612,3.14,1148,,,,
how-is-the-pressure,How Is The Pressure,3049620,3.14,708,,,,
hitp-final-3,Hitp Final 3,3050947,,708,,,,
come-unity-56306,Come Unity 56306,3051545,,2133,,,,
ride-with-the-pro-final,Ride With The Pro Final,3051638,,1148,,,,
gifted-the-waterski-documentary,Gifted – The Waterski Documentary,3188500,Brad Priekulis,3991,,,,
episode-3,Episode 3,3257800,Clark Davis,246,,,,
episode-four,Episode Four,3257801,Clark Davis,388,,,,
episode-6,Episode 6,3257803,Clark Davis,513,,,,
elevated-tv-episode-1,Elevated Tv Episode 1,3257804,Clark Davis,402,,,,
elevated-tv-episode-2,Elevated Tv Episode 2,3257805,Clark Davis,451,,,,
elevated-tv-ep-5,Elevated TV Ep 5,3257808,Clark Davis,530,,,,
episode-7,Episode 7,3257809,Clark Davis,1248,,,,
ep-8,Ep 8,3277695,Clark Davis,1235,,,,
gopro-laps-w-daniel-22,Gopro Laps W_ Daniel  22,3280022,,77,,,,
luke-holmes-elevated-2021-remix,Luke Holmes  Elevated 2021 Remix,3280023,,111,,,,
michigan-take-over-2021,Michigan Take Over 2021,3280026,,185,,,,
daniel-jedi-johnson,Daniel  Jedi  Johnson,3280031,Clark Davis,167,,,,
broken-record-tour-22-recap-vid-elevated-wake-park-presented-by-liquid-force,Broken Record Tour  22  Recap Vid_elevated Wake Park  Presented By Liquid Force,3280034,,195,,,,
jamboree-vid-2014,Jamboree Vid (2014),3304047,,73,,,,
wakeskating-2014,Wakeskating (2014),3304048,,108,,,,
winter-to-summer-at-jibtopia-2013,Winter To Summer At Jibtopia (2013),3304052,Clark Davis,234,,,,
cosmic-cahoots-2020,Cosmic Cahoots 2020,3304055,Clark Davis,240,,,,
fall-with-some-funk-2014,Fall With Some Funk (2014),3304058,Clark Davis,423,,,,
gopro-laps-w-daniel-22-2,Gopro Laps W_ Daniel  22,3304064,,77,,,,
all-the-marbles-a-2023-leaf-wakeskate-movie,All The Marbles- A 2023 Leaf Wakeskate Movie,3304070,Clark Davis,952,,,,
luke-holmes-elevated-2021-remix-2,Luke Holmes  Elevated 2021 Remix,3304075,Clark Davis,111,,,,
clark-x-vwc-2020,Clark X Vwc (2020),3304079,Clark Davis,157,,,,
michigan-take-over-2021-2,Michigan Take Over 2021,3304084,,185,,,,
diaper-duty-2022,Diaper Duty (2022),3304091,Clark Davis,180,,,,
zmt-remix-22,Zmt Remix  22,3304095,Clark Davis,177,,,,
dad-laps-2022,Dad Laps (2022),3304149,Clark Davis,179,,,,
home-2021,Home 2021,3304165,,189,,,,
advanture-2017,Advanture (2017),3304175,Clark Davis,256,,,,
psychedelic-relic-2017,Psychedelic Relic (2017),3304180,Clark Davis,341,,,,
hitched-2019,Hitched (2019),3304187,Clark Davis,389,,,,
the-devils-music-2018,The Devil's Music (2018),3304198,Clark Davis,474,,,,
testy-mcstreamy-testface,Testy McStreamy Testface,3337155,,547,,,,
joshua-lawler-beyond-the-wake-final,Joshua Lawler Beyond The Wake Final,3337894,Jordan Adcock,438,,,,
wednesday-7-24-24,Wednesday 7_24_24,3337914,Clark Davis,420,,,,
holofractal,Holofractal,3337942,Wes Huber,1546,,,,
elevated-day,Elevated Day,3338754,,84,,,,
spilled,Spilled,3338755,Travis Belisto,125,,,,
bamcole,Bam&Cole,3338756,Travis Belisto,150,,,,
travis-belsito-wakeskating-in-the-mini-wake-contest-2022,Travis Belsito Wakeskating In The  Mini Wake  Contest 2022.,3338757,Travis Belisto,122,,,,
wed-hype-81821,Wed Hype 8.18.21,3338758,Clark Davis,180,,,,
travis-belsito-wakeskating-2023-hungry-heart,Travis Belsito Wakeskating 2023  Hungry Heart,3338759,Travis Belisto,209,,,,
boat-day-cosmic-cahoots,Boat Day- Cosmic Cahoots,3338760,Clark Davis,147,,,,
paradigm-pilgrimage-dock-start-contest,Paradigm Pilgrimage Dock Start Contest!,3338761,Travis Belisto,228,,,,
cosmic-cahoots-day-friends-2021,Cosmic Cahoots Day & Friends 2021,3338762,Clark Davis,169,,,,
wednesday-hype-72821,Wednesday Hype 7.28.21,3338763,Clark Davis,223,,,,
wakeskate-wednesday-2021,Wakeskate Wednesday 2021,3338764,Clark Davis,222,,,,
bwj-leftovers,Bwj Leftovers,3338765,Clark Davis,229,,,,
lost-wednesday-hype-vid,Lost Wednesday Hype Vid,3338766,Clark Davis,183,,,,
travis-belsito-wakeskating-2022,Travis Belsito Wakeskating 2022,3338767,Travis Belisto,317,,,,
wednesday-hype-vid-7-21-21,Wednesday Hype Vid 7_21_21,3338768,Clark Davis,312,,,,
cable-clips-paradigm-pilgrimage-2023,Cable Clips Paradigm Pilgrimage 2023,3338769,Travis Belisto,247,,,,
promise-land,Promise Land,3338770,Travis Belisto,476,,,,
wed-hype-72022,Wed Hype 7.20.22,3338771,Clark Davis,260,,,,
wednesday-hype-23,Wednesday Hype  23,3338772,Clark Davis,308,,,,
wksk8-wknd-2022,Wksk8 Wknd 2022,3338773,Clark Davis,414,,,,
wednesday-hype-6-21-22,Wednesday Hype 6_21_22,3338774,Clark Davis,319,,,,
paradigm-promo-vid,Paradigm Promo Vid,3338775,Travis Belisto,422,,,,
cable-park-check-and-review-series-the-railyard-wakepark,Cable Park Check And Review Series - The Railyard Wakepark,3338776,Travis Belisto,1071,,,,
we-rode-a-cable-park-before-they-opened-and-this-is-what-happened-wakeskating-at-the-cove-tampa,We Rode A Cable Park Before They Opened And This Is What Happened. Wakeskating At The Cove Tampa,3338777,Travis Belisto,583,,,,
pwl-x-bwj-2023,Pwl X Bwj 2023,3338778,Clark Davis,407,,,,
winching-ledges-rough-cut,Winching Ledges- Rough Cut,3338780,Clark Davis,701,,,,
yardsale-6-team-video-live-reveal,Yardsale 6 Team Video Live Reveal,3340927,Space Mob,1167,,,,
y666-trippin,Y$666 Trippin',3340928,,128,,,,
yardsale-6-team-video-live-reveal-recorded-112224,Yardsale 6 Team Video Live Reveal Recorded 11/22/24,3340961,Space Mob,13817,,,,
bouncy-muncey,Bouncy Muncey,3360140,Bernadette,63,,,,
munich-mash-2024-vibe-bts,Munich Mash 2024 Vibe Bts,3360146,Bernadette,69,,,,
honey-a-wild-womens-wakeboard-bash,Honey - A Wild Women‘S Wakeboard Bash,3360152,Bernadette,251,,,,
5-wmj-diddy-party,5. WMJ - Diddy Party,3360337,Space Mob,235,,,,
7-sunde-friends,7. Sunde- Friends,3360491,Jacob Sunde,243,,,,
3maxx-pumpkin-smashers,3.Maxx- Pumpkin Smashers,3360541,Maxx Evan,259,,,,
1-clark-night-of-the-living-shred,1. Clark- Night of the Living Shred,3360853,Clark Davis,261,,,,
6-riversxtreme,6. Riversxtreme,3360881,,275,,,,
2hayden-the-berglars,2.Hayden- The Berglars,3360904,Hayden Berg,314,,,,
4-jules-cowboys,4. Jules- Cowboys,3360927,,386,,,,
smokin-handles-a-wakeboard-flick-by-wild-edge,Smokin' Handles - A Wakeboard Flick By Wild Edge,3376182,Wild Edge,984,,,,
yellow-hippie-ride-and-chill,Yellow Hippie Ride And Chill,3893369,,1955,,,,